{
  "imu_bus_ids": [
    1,
    3
  ],
  "imensors": [
    {
      "bus_id": 1,
      "gyro_bias_dps": -0.19451219512195123,
      "accel_pitch_bias_rad": -0.029418219300798278
    },
    {
      "bus_id": 3,
      "gyro_bias_dps": 0.2907317073170732,
      "accel_pitch_bias_rad": 0.010644701857342828
    }
  ],
  "gyro_bias_dps": -0.19451219512195123,
  "accel_pitch_bias_rad": -0.029418219300798278
}